{
    "首页": [{
            "id": "d1abcce0d678aec9631a0dfc171cd323",
            "parent": {
                "id": "5ccdce12ba9c16aa2a752ad96647cf9c"
            },
            "name": "封面"
        },
        {
            "id": "dd6e9dc422b4c41b51edb8d0aabc63fe",
            "parent": {
                "id": "5ccdce12ba9c16aa2a752ad96647cf9c"
            },
            "name": "正面"
        },
        {
            "id": "f48b3cfd7dfdc4bdbc5ad80193c28e9c",
            "parent": {
                "id": "5ccdce12ba9c16aa2a752ad96647cf9c"
            },
            "name": "反面"
        }
    ],
    "病历": [{
            "id": "10912dae11e0e00d2aa76ebc8a9c7a98",
            "parent": {
                "id": "66526a8bc0c8309b99c3b5bed3fbc9ec"
            },
            "name": "高值耗材"
        },
        {
            "id": "8cee795b458aa5aa5becadbbaaf8dded",
            "parent": {
                "id": "66526a8bc0c8309b99c3b5bed3fbc9ec"
            },
            "name": "谈话记录"
        },
        {
            "id": "037add05ab83568bb634ca65c560ff40",
            "parent": {
                "id": "66526a8bc0c8309b99c3b5bed3fbc9ec"
            },
            "name": "讨论记录"
        },
        {
            "id": "a71b8cfcdd9ad5a1af904b06ae5d8d49",
            "parent": {
                "id": "66526a8bc0c8309b99c3b5bed3fbc9ec"
            },
            "name": "出院记录"
        },
        {
            "id": "dfe71a9f4471bfbd006beaad909abe0a",
            "parent": {
                "id": "66526a8bc0c8309b99c3b5bed3fbc9ec"
            },
            "name": "出院诊断证明书"
        },
        {
            "id": "c3cff9c5fad17668b1a0c2bb8bec43ce",
            "parent": {
                "id": "66526a8bc0c8309b99c3b5bed3fbc9ec"
            },
            "name": "住院通知单"
        },
        {
            "id": "fc5beda3eb53daefe945fce01ab2bfcb",
            "parent": {
                "id": "66526a8bc0c8309b99c3b5bed3fbc9ec"
            },
            "name": "死亡记录"
        },
        {
            "id": "3e5a99fb2808abecefaf3fa9934f1ee7",
            "parent": {
                "id": "66526a8bc0c8309b99c3b5bed3fbc9ec"
            },
            "name": "会诊记录"
        },
        {
            "id": "3c6fca3cd3fc9b6eea8a8ebf7d815bb9",
            "parent": {
                "id": "66526a8bc0c8309b99c3b5bed3fbc9ec"
            },
            "name": "其他文书"
        },
        {
            "id": "b5ebbfff85ae210087c1fe48d94d4a82",
            "parent": {
                "id": "66526a8bc0c8309b99c3b5bed3fbc9ec"
            },
            "name": "入院记录"
        },
        {
            "id": "860ed5b3ec8e5c5b72954736a2c933a5",
            "parent": {
                "id": "66526a8bc0c8309b99c3b5bed3fbc9ec"
            },
            "name": "病史确认单"
        },
        {
            "id": "8cf53b6deabaf3e979f4a8ac1fd141c1",
            "parent": {
                "id": "66526a8bc0c8309b99c3b5bed3fbc9ec"
            },
            "name": "病程记录"
        },
        {
            "id": "20a66cf0a5da645d33bd7cd574a7af33",
            "parent": {
                "id": "66526a8bc0c8309b99c3b5bed3fbc9ec"
            },
            "name": "手术资料"
        }
    ],
    "病理报告": [{
        "id": "15f5d9cfb2e8bfc5e4ff76ffecbaa4cd",
        "parent": {
            "id": "9a40d41f46cf3fee5fdcc8a7d76ca9eb"
        },
        "name": "病理"
    }],
    "检验报告": [{
            "id": "2513fffe0a6471632ed043f4debe7f02",
            "parent": {
                "id": "1961e95530b897b28fd2f7a35c27b3e7"
            },
            "name": "24h尿"
        },
        {
            "id": "c5602853b01f12b7b8b5ce97fc9d66c0",
            "parent": {
                "id": "1961e95530b897b28fd2f7a35c27b3e7"
            },
            "name": "4h尿"
        },
        {
            "id": "afb361c7fbfff3e7ebbd783ec9a50353",
            "parent": {
                "id": "1961e95530b897b28fd2f7a35c27b3e7"
            },
            "name": "8h尿"
        },
        {
            "id": "fba754bd1a7d2a6880111a50aaf6c0fb",
            "parent": {
                "id": "1961e95530b897b28fd2f7a35c27b3e7"
            },
            "name": "半小时血"
        },
        {
            "id": "3375f83ad6efb2d8da369efaa7c28b89",
            "parent": {
                "id": "1961e95530b897b28fd2f7a35c27b3e7"
            },
            "name": "便"
        },
        {
            "id": "ddcf8125fa9fc3da1c12fc263b8aead8",
            "parent": {
                "id": "1961e95530b897b28fd2f7a35c27b3e7"
            },
            "name": "穿刺液"
        },
        {
            "id": "b8b1ebd3cc065d26ff79b742ef67e6d0",
            "parent": {
                "id": "1961e95530b897b28fd2f7a35c27b3e7"
            },
            "name": "动脉血"
        },
        {
            "id": "96a2320f9efbb92f3df8fcb3d5efda54",
            "parent": {
                "id": "1961e95530b897b28fd2f7a35c27b3e7"
            },
            "name": "二小时血"
        },
        {
            "id": "498a54cb4f664c43fa11c75eb119fb96",
            "parent": {
                "id": "1961e95530b897b28fd2f7a35c27b3e7"
            },
            "name": "分泌物"
        },
        {
            "id": "bdd65be03ffecad661a0d7ef9f40f9ba",
            "parent": {
                "id": "1961e95530b897b28fd2f7a35c27b3e7"
            },
            "name": "粪便"
        },
        {
            "id": "1b2efdb370d6b6cfcf33424d7412f94e",
            "parent": {
                "id": "1961e95530b897b28fd2f7a35c27b3e7"
            },
            "name": "腹水"
        },
        {
            "id": "de43eab44fbe61527fe3e5d7dee1ebf7",
            "parent": {
                "id": "1961e95530b897b28fd2f7a35c27b3e7"
            },
            "name": "腹透液"
        },
        {
            "id": "6ccef8a438b7e4dfe79a0d0efbd0dafa",
            "parent": {
                "id": "1961e95530b897b28fd2f7a35c27b3e7"
            },
            "name": "呼气"
        },
        {
            "id": "a02ebb241a51b20602fed5173decc41a",
            "parent": {
                "id": "1961e95530b897b28fd2f7a35c27b3e7"
            },
            "name": "静脉血"
        },
        {
            "id": "8a12eff4cb0660c83cd027f997bc8b0f",
            "parent": {
                "id": "1961e95530b897b28fd2f7a35c27b3e7"
            },
            "name": "脑脊液"
        },
        {
            "id": "ecae3726bf2b069a8fa2ee8db63848fe",
            "parent": {
                "id": "1961e95530b897b28fd2f7a35c27b3e7"
            },
            "name": "尿"
        },
        {
            "id": "1b0beff323cd04084b65ba0eb7ba5bda",
            "parent": {
                "id": "1961e95530b897b28fd2f7a35c27b3e7"
            },
            "name": "尿液"
        },
        {
            "id": "dbf700f6eff82975075e235ae4d10d7b",
            "parent": {
                "id": "1961e95530b897b28fd2f7a35c27b3e7"
            },
            "name": "呕吐物"
        },
        {
            "id": "95ca311eefbae0449682c4d3d7affeb9",
            "parent": {
                "id": "1961e95530b897b28fd2f7a35c27b3e7"
            },
            "name": "其他"
        },
        {
            "id": "cef0c15dd3c98ddff94c39d1c4fd6ad0",
            "parent": {
                "id": "1961e95530b897b28fd2f7a35c27b3e7"
            },
            "name": "全血"
        },
        {
            "id": "38d60ba9005cd4a4d1e318ad89f1cb63",
            "parent": {
                "id": "1961e95530b897b28fd2f7a35c27b3e7"
            },
            "name": "三小时血"
        },
        {
            "id": "db86d26cbd9afc9e7afcfc1958f9ea9b",
            "parent": {
                "id": "1961e95530b897b28fd2f7a35c27b3e7"
            },
            "name": "十二指肠引流液"
        },
        {
            "id": "a0afbe89123ece581e758f0a4b6eebcd",
            "parent": {
                "id": "1961e95530b897b28fd2f7a35c27b3e7"
            },
            "name": "随机尿"
        },
        {
            "id": "8910f9e47e47615fb3eb95d25ef2400b",
            "parent": {
                "id": "1961e95530b897b28fd2f7a35c27b3e7"
            },
            "name": "痰"
        },
        {
            "id": "d04bcdfea7ebcb04a82db73617a99c4f",
            "parent": {
                "id": "1961e95530b897b28fd2f7a35c27b3e7"
            },
            "name": "体液"
        },
        {
            "id": "47af98ba879e0ce9abbde5e3db9da61b",
            "parent": {
                "id": "1961e95530b897b28fd2f7a35c27b3e7"
            },
            "name": "细菌培养"
        },
        {
            "id": "1dc9e08a8ac1bd96973330146ccdc774",
            "parent": {
                "id": "1961e95530b897b28fd2f7a35c27b3e7"
            },
            "name": "心包积液"
        },
        {
            "id": "684c39f2dfeab2bfbed44949adf5f98b",
            "parent": {
                "id": "1961e95530b897b28fd2f7a35c27b3e7"
            },
            "name": "胸腹水"
        },
        {
            "id": "cfd2ba7be46d3c560607eadb4e6a04a7",
            "parent": {
                "id": "1961e95530b897b28fd2f7a35c27b3e7"
            },
            "name": "胸水"
        },
        {
            "id": "d56df8887f8fddd00e40b3ecdb9b2a5c",
            "parent": {
                "id": "1961e95530b897b28fd2f7a35c27b3e7"
            },
            "name": "血"
        },
        {
            "id": "af37d48d80d5e04b7a74d3b4d0ba61cc",
            "parent": {
                "id": "1961e95530b897b28fd2f7a35c27b3e7"
            },
            "name": "血浆"
        },
        {
            "id": "03aee84a3cfe1d933556f03ddcafcf5c",
            "parent": {
                "id": "1961e95530b897b28fd2f7a35c27b3e7"
            },
            "name": "血清"
        },
        {
            "id": "cfdee9f358199d23f65ccaaefc4cc4dc",
            "parent": {
                "id": "1961e95530b897b28fd2f7a35c27b3e7"
            },
            "name": "一小时血"
        },
        {
            "id": "95edd0acd3ee86b6e15ebbea60ebb5eb",
            "parent": {
                "id": "1961e95530b897b28fd2f7a35c27b3e7"
            },
            "name": "阴道分泌物"
        },
        {
            "id": "3335cc6cf365eefcba2eec46cae8e4b7",
            "parent": {
                "id": "1961e95530b897b28fd2f7a35c27b3e7"
            },
            "name": "引流液"
        },
        {
            "id": "bf7faf6ceac3be3f198271f77ed86008",
            "parent": {
                "id": "1961e95530b897b28fd2f7a35c27b3e7"
            },
            "name": "支气管肺泡灌洗液"
        }
    ],
    "检查报告": [{
            "id": "419c55adf1f3fe9c236cb8084d71ff86",
            "parent": {
                "id": "b9efed37d9a564a58853bf6de7aaf821"
            },
            "name": "CR"
        },
        {
            "id": "8b2c7c82b69fa01fc0d0dafd4dfe87cc",
            "parent": {
                "id": "b9efed37d9a564a58853bf6de7aaf821"
            },
            "name": "CT"
        },
        {
            "id": "5ba7df25d380afca4d77d4249c2cdb4b",
            "parent": {
                "id": "b9efed37d9a564a58853bf6de7aaf821"
            },
            "name": "DR"
        },
        {
            "id": "b72eedfb42df97c7ad5eb5db81a6d10b",
            "parent": {
                "id": "b9efed37d9a564a58853bf6de7aaf821"
            },
            "name": "MG"
        },
        {
            "id": "4b3c16540db315b8cd8e2b9e1f4dfbb4",
            "parent": {
                "id": "b9efed37d9a564a58853bf6de7aaf821"
            },
            "name": "MR"
        },
        {
            "id": "e2cc50fe48bf97512354fe46e5fa5ebd",
            "parent": {
                "id": "b9efed37d9a564a58853bf6de7aaf821"
            },
            "name": "高拍仪扫描文件"
        },
        {
            "id": "9a2bd68fb3e10d67d3e21279a9f0bed9",
            "parent": {
                "id": "b9efed37d9a564a58853bf6de7aaf821"
            },
            "name": "PP"
        },
        {
            "id": "1dd1b05d188a866ac6036598ed58ccdc",
            "parent": {
                "id": "b9efed37d9a564a58853bf6de7aaf821"
            },
            "name": "RF"
        },
        {
            "id": "1d0c1da8dcaf28d55b9dbf5a682b2cac",
            "parent": {
                "id": "b9efed37d9a564a58853bf6de7aaf821"
            },
            "name": "XA"
        },
        {
            "id": "d579831d31740bfaea4eb495cf635aaf",
            "parent": {
                "id": "b9efed37d9a564a58853bf6de7aaf821"
            },
            "name": "超声"
        },
        {
            "id": "292f537785e9cf285ce0dfbb4fa7b6e2",
            "parent": {
                "id": "b9efed37d9a564a58853bf6de7aaf821"
            },
            "name": "电生理"
        },
        {
            "id": "c75c6838aff318c2072fa936f10fbcb1",
            "parent": {
                "id": "b9efed37d9a564a58853bf6de7aaf821"
            },
            "name": "肺功能"
        },
        {
            "id": "dfad7fd1ebf6cd6a30f1ebad6a0f203a",
            "parent": {
                "id": "b9efed37d9a564a58853bf6de7aaf821"
            },
            "name": "核医学"
        },
        {
            "id": "8e92b834fbe8e44e1e9ab12d1eebcd93",
            "parent": {
                "id": "b9efed37d9a564a58853bf6de7aaf821"
            },
            "name": "呼吸内镜"
        },
        {
            "id": "dcc194115f15328e0a6d268c974d6ee6",
            "parent": {
                "id": "b9efed37d9a564a58853bf6de7aaf821"
            },
            "name": "消化内镜"
        },
        {
            "id": "8be2cb06ae9ad0374cf9c4d4e53d9dbe",
            "parent": {
                "id": "b9efed37d9a564a58853bf6de7aaf821"
            },
            "name": "心导管室"
        },
        {
            "id": "9a7d65ec881f7c75859831caf7fc00ba",
            "parent": {
                "id": "b9efed37d9a564a58853bf6de7aaf821"
            },
            "name": "心内科"
        }
    ],
    "医嘱单": [{
            "id": "be4cb4f1fe4d90ea23fab61df94b2d13",
            "parent": {
                "id": "ed8f3e881a111fcd8e82d6052badcef4"
            },
            "name": "长期医嘱"
        },
        {
            "id": "b0e4200c7eb31ed089c271eeab6c8da3",
            "parent": {
                "id": "ed8f3e881a111fcd8e82d6052badcef4"
            },
            "name": "临时医嘱"
        }
    ],
    "护理文件": [{
            "id": "ad0ff3929b2b954a0a619b076249303d",
            "parent": {
                "id": "db3d581bb67e7c8eeeedd021d5fbf04a"
            },
            "name": "ADL量表"
        },
        {
            "id": "02d87e06ece445c1174a2e914c2ce7aa",
            "parent": {
                "id": "db3d581bb67e7c8eeeedd021d5fbf04a"
            },
            "name": "护理记录单"
        },
        {
            "id": "35af0781cc845cae9cffb5a525ae079b",
            "parent": {
                "id": "db3d581bb67e7c8eeeedd021d5fbf04a"
            },
            "name": "说明文件"
        },
        {
            "id": "f925e07c4544e401e54ecd9cda6b7aff",
            "parent": {
                "id": "db3d581bb67e7c8eeeedd021d5fbf04a"
            },
            "name": "体温单"
        },
        {
            "id": "4f5eae882e7ddee4372b93477d239bdf",
            "parent": {
                "id": "db3d581bb67e7c8eeeedd021d5fbf04a"
            },
            "name": "血糖记录单"
        }
    ],
    "窗口复印资料": [{
        "id": "de5e5cfc967d3aa51f5bd1f25f185a1a",
        "parent": {
            "id": "23087a1e3442ffff5a7cc6bcda40d345"
        },
        "name": "窗口复印资料"
    }],
    "手麻": [{
            "id": "aa8e6f350052978da0486ecb6bc1ecc9",
            "parent": {
                "id": "a82dfdfbd73adb13c86adee5f8ef7846"
            },
            "name": "麻醉术前访视记录"
        },
        {
            "id": "e2eb46df50e034666b9ac9e1ec0cfb5f",
            "parent": {
                "id": "a82dfdfbd73adb13c86adee5f8ef7846"
            },
            "name": "护理记录单"
        },
        {
            "id": "dbb0a610ed495e6284e37e6efaf8b6d5",
            "parent": {
                "id": "a82dfdfbd73adb13c86adee5f8ef7846"
            },
            "name": "麻醉知情同意书"
        },
        {
            "id": "0458d3584110397e66af3d0d732f675f",
            "parent": {
                "id": "a82dfdfbd73adb13c86adee5f8ef7846"
            },
            "name": "麻醉收费单"
        },
        {
            "id": "cf89ffe805cb77844cad39ff1b2ff05b",
            "parent": {
                "id": "a82dfdfbd73adb13c86adee5f8ef7846"
            },
            "name": "麻醉术后访视"
        },
        {
            "id": "7cccecd9a07d058e55fa04dc0d7e9df8",
            "parent": {
                "id": "a82dfdfbd73adb13c86adee5f8ef7846"
            },
            "name": "手术安全核对"
        },
        {
            "id": "bdc0debca58bedfce934ba7d4ac5ecef",
            "parent": {
                "id": "a82dfdfbd73adb13c86adee5f8ef7846"
            },
            "name": "无痛检查治疗麻醉病程记录"
        },
        {
            "id": "56afa613dd37e0403c7f8c5f3cac024d",
            "parent": {
                "id": "a82dfdfbd73adb13c86adee5f8ef7846"
            },
            "name": "无痛麻醉知情同意书"
        },
        {
            "id": "9bc61dba0ac9319cd0dcbfa543dcc8c9",
            "parent": {
                "id": "a82dfdfbd73adb13c86adee5f8ef7846"
            },
            "name": "麻醉记录单"
        },
        {
            "id": "ba0d0f418debfe4c6ebc41caef6543f8",
            "parent": {
                "id": "a82dfdfbd73adb13c86adee5f8ef7846"
            },
            "name": "麻醉科麻醉恢复室观察表"
        },
        {
            "id": "1843ee19bedb310e320b9b534bfce2f1",
            "parent": {
                "id": "a82dfdfbd73adb13c86adee5f8ef7846"
            },
            "name": "局麻手术核查"
        }
    ],
    "重症文件": [{
            "id": "5d94915e6e9bdc6a6c0be0b793f361a4",
            "parent": {
                "id": "4b5da01efec9ae146daafdf4ec671f38"
            },
            "name": "重症体温单"
        },
        {
            "id": "2e8455246be1daf092e53f4ee17f3df6",
            "parent": {
                "id": "4b5da01efec9ae146daafdf4ec671f38"
            },
            "name": "重症护理记录单"
        }
    ]
}